{
  "hash": "36c890c4",
  "configHash": "5a58e3f8",
  "lockfileHash": "bf72c753",
  "browserHash": "b345f647",
  "optimized": {
    "@angular/common": {
      "src": "../../../../../../node_modules/@angular/common/fesm2022/common.mjs",
      "file": "@angular_common.js",
      "fileHash": "826dbbf1",
      "needsInterop": false
    },
    "@angular/core": {
      "src": "../../../../../../node_modules/@angular/core/fesm2022/core.mjs",
      "file": "@angular_core.js",
      "fileHash": "1d7aeb8e",
      "needsInterop": false
    },
    "@angular/forms": {
      "src": "../../../../../../node_modules/@angular/forms/fesm2022/forms.mjs",
      "file": "@angular_forms.js",
      "fileHash": "1d4c07fa",
      "needsInterop": false
    },
    "@angular/platform-browser": {
      "src": "../../../../../../node_modules/@angular/platform-browser/fesm2022/platform-browser.mjs",
      "file": "@angular_platform-browser.js",
      "fileHash": "cfac97d1",
      "needsInterop": false
    },
    "@angular/router": {
      "src": "../../../../../../node_modules/@angular/router/fesm2022/router.mjs",
      "file": "@angular_router.js",
      "fileHash": "e2affeb1",
      "needsInterop": false
    }
  },
  "chunks": {
    "chunk-3FMIMFXE": {
      "file": "chunk-3FMIMFXE.js"
    },
    "chunk-FWWIZTJN": {
      "file": "chunk-FWWIZTJN.js"
    },
    "chunk-CCNWVJX4": {
      "file": "chunk-CCNWVJX4.js"
    }
  }
}